timestamp,host,os,python,backend,device,task,circuit,nqubits,depth,shots,repeat_idx,transpile_s,simulate_s,total_s,nqubits_t,depth_t,twoq_count,cx_count,cz_count,swap_count,rz_count,rx_count,rss_mb,gpu_mem_mb,gpu_util,overlap,l2,tvd,kl_div,passed,notes,transpiler,nL,gpu_backend
2025-12-19T16:06:00,flogger.ics.es.osaka-u.ac.jp,Linux-5.14.0-570.39.1.el9_6.x86_64-x86_64-with-glibc2.34,3.11.14,cpu,CPU,statevector,random,15,8,0,0,0.195273,0.015349,0.210622,15,24,112,112,0,0,0,0,316.81,747.62,0,,,,,,reference,baseline,4,aer
2025-12-19T16:06:00,flogger.ics.es.osaka-u.ac.jp,Linux-5.14.0-570.39.1.el9_6.x86_64-x86_64-with-glibc2.34,3.11.14,cpu,CPU,statevector,random,15,8,0,0,0.100226,0.023171,0.123398,15,24,112,112,0,0,0,0,318.81,747.62,0,,,,,,reference,baseline,4,aer
2025-12-19T16:06:00,flogger.ics.es.osaka-u.ac.jp,Linux-5.14.0-570.39.1.el9_6.x86_64-x86_64-with-glibc2.34,3.11.14,cpu,CPU,statevector,random,15,8,0,0,0.100021,0.012199,0.112220,15,24,112,112,0,0,0,0,319.06,747.62,0,,,,,,reference,baseline,4,aer
2025-12-19T16:06:00,flogger.ics.es.osaka-u.ac.jp,Linux-5.14.0-570.39.1.el9_6.x86_64-x86_64-with-glibc2.34,3.11.14,cpu,CPU,statevector,random,15,8,0,0,0.099481,0.027436,0.126917,15,24,112,112,0,0,0,0,319.06,747.62,0,,,,,,reference,baseline,4,aer
2025-12-19T16:06:00,flogger.ics.es.osaka-u.ac.jp,Linux-5.14.0-570.39.1.el9_6.x86_64-x86_64-with-glibc2.34,3.11.14,cpu,CPU,statevector,random,15,8,0,0,0.099285,0.021072,0.120357,15,24,112,112,0,0,0,0,319.06,747.62,0,,,,,,reference,baseline,4,aer
2025-12-19T16:06:01,flogger.ics.es.osaka-u.ac.jp,Linux-5.14.0-570.39.1.el9_6.x86_64-x86_64-with-glibc2.34,3.11.14,gpu,GPU,statevector,random,15,8,0,1,0.099681,0.619243,0.718924,15,24,112,112,0,0,0,0,509.20,1309.69,0,1.000000000000,8.892e-16,,,True,overlap=1.000000000000; l2=8.892e-16; pass=True,baseline,4,aer
2025-12-19T16:06:01,flogger.ics.es.osaka-u.ac.jp,Linux-5.14.0-570.39.1.el9_6.x86_64-x86_64-with-glibc2.34,3.11.14,gpu,GPU,statevector,random,15,8,0,2,0.129511,0.012342,0.141853,15,24,112,112,0,0,0,0,511.95,1309.69,0,1.000000000000,8.892e-16,,,True,overlap=1.000000000000; l2=8.892e-16; pass=True,baseline,4,aer
2025-12-19T16:06:01,flogger.ics.es.osaka-u.ac.jp,Linux-5.14.0-570.39.1.el9_6.x86_64-x86_64-with-glibc2.34,3.11.14,gpu,GPU,statevector,random,15,8,0,3,0.128884,0.012396,0.141280,15,24,112,112,0,0,0,0,512.20,1309.69,0,1.000000000000,8.892e-16,,,True,overlap=1.000000000000; l2=8.892e-16; pass=True,baseline,4,aer
2025-12-19T16:06:01,flogger.ics.es.osaka-u.ac.jp,Linux-5.14.0-570.39.1.el9_6.x86_64-x86_64-with-glibc2.34,3.11.14,gpu,GPU,statevector,random,15,8,0,4,0.130482,0.012279,0.142761,15,24,112,112,0,0,0,0,512.20,1309.69,0,1.000000000000,8.892e-16,,,True,overlap=1.000000000000; l2=8.892e-16; pass=True,baseline,4,aer
2025-12-19T16:06:02,flogger.ics.es.osaka-u.ac.jp,Linux-5.14.0-570.39.1.el9_6.x86_64-x86_64-with-glibc2.34,3.11.14,gpu,GPU,statevector,random,15,8,0,5,0.129273,0.012009,0.141281,15,24,112,112,0,0,0,0,512.20,1309.69,0,1.000000000000,8.892e-16,,,True,overlap=1.000000000000; l2=8.892e-16; pass=True,baseline,4,aer
2025-12-19T16:06:02,flogger.ics.es.osaka-u.ac.jp,Linux-5.14.0-570.39.1.el9_6.x86_64-x86_64-with-glibc2.34,3.11.14,cpu,CPU,statevector,random,15,8,0,0,0.127411,0.013573,0.140984,15,24,112,112,0,0,0,0,512.20,1309.69,0,,,,,,reference,baseline,4,custom
2025-12-19T16:06:02,flogger.ics.es.osaka-u.ac.jp,Linux-5.14.0-570.39.1.el9_6.x86_64-x86_64-with-glibc2.34,3.11.14,cpu,CPU,statevector,random,15,8,0,0,0.099025,0.034260,0.133286,15,24,112,112,0,0,0,0,512.20,1309.69,0,,,,,,reference,baseline,4,custom
2025-12-19T16:06:02,flogger.ics.es.osaka-u.ac.jp,Linux-5.14.0-570.39.1.el9_6.x86_64-x86_64-with-glibc2.34,3.11.14,cpu,CPU,statevector,random,15,8,0,0,0.098817,0.027208,0.126025,15,24,112,112,0,0,0,0,512.20,1309.69,0,,,,,,reference,baseline,4,custom
2025-12-19T16:06:02,flogger.ics.es.osaka-u.ac.jp,Linux-5.14.0-570.39.1.el9_6.x86_64-x86_64-with-glibc2.34,3.11.14,cpu,CPU,statevector,random,15,8,0,0,0.100118,0.027388,0.127505,15,24,112,112,0,0,0,0,512.20,1309.69,0,,,,,,reference,baseline,4,custom
2025-12-19T16:06:02,flogger.ics.es.osaka-u.ac.jp,Linux-5.14.0-570.39.1.el9_6.x86_64-x86_64-with-glibc2.34,3.11.14,cpu,CPU,statevector,random,15,8,0,0,0.100299,0.040833,0.141133,15,24,112,112,0,0,0,0,512.20,1309.69,0,,,,,,reference,baseline,4,custom
2025-12-19T16:06:02,flogger.ics.es.osaka-u.ac.jp,Linux-5.14.0-570.39.1.el9_6.x86_64-x86_64-with-glibc2.34,3.11.14,gpu,GPU,statevector,random,15,8,0,1,0.099447,0.021795,0.121243,15,24,112,112,0,0,0,0,512.20,1309.69,0,1.000000000000,8.892e-16,,,True,overlap=1.000000000000; l2=8.892e-16; pass=True,baseline,4,custom
2025-12-19T16:06:03,flogger.ics.es.osaka-u.ac.jp,Linux-5.14.0-570.39.1.el9_6.x86_64-x86_64-with-glibc2.34,3.11.14,gpu,GPU,statevector,random,15,8,0,2,0.129023,0.012125,0.141147,15,24,112,112,0,0,0,0,512.20,1309.69,0,1.000000000000,8.892e-16,,,True,overlap=1.000000000000; l2=8.892e-16; pass=True,baseline,4,custom
2025-12-19T16:06:03,flogger.ics.es.osaka-u.ac.jp,Linux-5.14.0-570.39.1.el9_6.x86_64-x86_64-with-glibc2.34,3.11.14,gpu,GPU,statevector,random,15,8,0,3,0.127386,0.012573,0.139959,15,24,112,112,0,0,0,0,512.45,1309.69,0,1.000000000000,8.892e-16,,,True,overlap=1.000000000000; l2=8.892e-16; pass=True,baseline,4,custom
2025-12-19T16:06:03,flogger.ics.es.osaka-u.ac.jp,Linux-5.14.0-570.39.1.el9_6.x86_64-x86_64-with-glibc2.34,3.11.14,gpu,GPU,statevector,random,15,8,0,4,0.127399,0.012639,0.140038,15,24,112,112,0,0,0,0,512.70,1309.69,0,1.000000000000,8.892e-16,,,True,overlap=1.000000000000; l2=8.892e-16; pass=True,baseline,4,custom
2025-12-19T16:06:03,flogger.ics.es.osaka-u.ac.jp,Linux-5.14.0-570.39.1.el9_6.x86_64-x86_64-with-glibc2.34,3.11.14,gpu,GPU,statevector,random,15,8,0,5,0.128480,0.011976,0.140456,15,24,112,112,0,0,0,0,512.95,1309.69,0,1.000000000000,8.892e-16,,,True,overlap=1.000000000000; l2=8.892e-16; pass=True,baseline,4,custom
2025-12-19T16:06:03,flogger.ics.es.osaka-u.ac.jp,Linux-5.14.0-570.39.1.el9_6.x86_64-x86_64-with-glibc2.34,3.11.14,cpu,CPU,statevector,random,15,8,0,0,0.164909,0.029005,0.193914,15,24,112,112,0,0,0,0,512.95,1309.69,0,,,,,,reference,custom,4,aer
2025-12-19T16:06:03,flogger.ics.es.osaka-u.ac.jp,Linux-5.14.0-570.39.1.el9_6.x86_64-x86_64-with-glibc2.34,3.11.14,cpu,CPU,statevector,random,15,8,0,0,0.108362,0.026444,0.134807,15,24,112,112,0,0,0,0,512.95,1309.69,0,,,,,,reference,custom,4,aer
2025-12-19T16:06:04,flogger.ics.es.osaka-u.ac.jp,Linux-5.14.0-570.39.1.el9_6.x86_64-x86_64-with-glibc2.34,3.11.14,cpu,CPU,statevector,random,15,8,0,0,0.106544,0.025368,0.131913,15,24,112,112,0,0,0,0,512.95,1309.69,0,,,,,,reference,custom,4,aer
2025-12-19T16:06:04,flogger.ics.es.osaka-u.ac.jp,Linux-5.14.0-570.39.1.el9_6.x86_64-x86_64-with-glibc2.34,3.11.14,cpu,CPU,statevector,random,15,8,0,0,0.105444,0.048124,0.153567,15,24,112,112,0,0,0,0,512.95,1309.69,0,,,,,,reference,custom,4,aer
2025-12-19T16:06:04,flogger.ics.es.osaka-u.ac.jp,Linux-5.14.0-570.39.1.el9_6.x86_64-x86_64-with-glibc2.34,3.11.14,cpu,CPU,statevector,random,15,8,0,0,0.105802,0.045020,0.150822,15,24,112,112,0,0,0,0,512.95,1309.69,0,,,,,,reference,custom,4,aer
2025-12-19T16:06:04,flogger.ics.es.osaka-u.ac.jp,Linux-5.14.0-570.39.1.el9_6.x86_64-x86_64-with-glibc2.34,3.11.14,gpu,GPU,statevector,random,15,8,0,1,0.106207,0.015322,0.121529,15,24,112,112,0,0,0,0,512.95,1309.69,0,1.000000000000,8.892e-16,,,True,overlap=1.000000000000; l2=8.892e-16; pass=True,custom,4,aer
2025-12-19T16:06:04,flogger.ics.es.osaka-u.ac.jp,Linux-5.14.0-570.39.1.el9_6.x86_64-x86_64-with-glibc2.34,3.11.14,gpu,GPU,statevector,random,15,8,0,2,0.137132,0.013560,0.150693,15,24,112,112,0,0,0,0,512.95,1309.69,0,1.000000000000,8.892e-16,,,True,overlap=1.000000000000; l2=8.892e-16; pass=True,custom,4,aer
2025-12-19T16:06:04,flogger.ics.es.osaka-u.ac.jp,Linux-5.14.0-570.39.1.el9_6.x86_64-x86_64-with-glibc2.34,3.11.14,gpu,GPU,statevector,random,15,8,0,3,0.135019,0.012892,0.147911,15,24,112,112,0,0,0,0,513.95,1309.69,0,1.000000000000,8.892e-16,,,True,overlap=1.000000000000; l2=8.892e-16; pass=True,custom,4,aer
2025-12-19T16:06:05,flogger.ics.es.osaka-u.ac.jp,Linux-5.14.0-570.39.1.el9_6.x86_64-x86_64-with-glibc2.34,3.11.14,gpu,GPU,statevector,random,15,8,0,4,0.135273,0.013025,0.148297,15,24,112,112,0,0,0,0,513.95,1309.69,0,1.000000000000,8.892e-16,,,True,overlap=1.000000000000; l2=8.892e-16; pass=True,custom,4,aer
2025-12-19T16:06:05,flogger.ics.es.osaka-u.ac.jp,Linux-5.14.0-570.39.1.el9_6.x86_64-x86_64-with-glibc2.34,3.11.14,gpu,GPU,statevector,random,15,8,0,5,0.135756,0.013253,0.149009,15,24,112,112,0,0,0,0,513.95,1309.69,0,1.000000000000,8.892e-16,,,True,overlap=1.000000000000; l2=8.892e-16; pass=True,custom,4,aer
2025-12-19T16:06:05,flogger.ics.es.osaka-u.ac.jp,Linux-5.14.0-570.39.1.el9_6.x86_64-x86_64-with-glibc2.34,3.11.14,cpu,CPU,statevector,random,15,8,0,0,0.133289,0.022849,0.156138,15,24,112,112,0,0,0,0,513.95,1309.69,0,,,,,,reference,custom,4,custom
2025-12-19T16:06:05,flogger.ics.es.osaka-u.ac.jp,Linux-5.14.0-570.39.1.el9_6.x86_64-x86_64-with-glibc2.34,3.11.14,cpu,CPU,statevector,random,15,8,0,0,0.104987,0.039621,0.144608,15,24,112,112,0,0,0,0,513.95,1309.69,0,,,,,,reference,custom,4,custom
2025-12-19T16:06:05,flogger.ics.es.osaka-u.ac.jp,Linux-5.14.0-570.39.1.el9_6.x86_64-x86_64-with-glibc2.34,3.11.14,cpu,CPU,statevector,random,15,8,0,0,0.106222,0.027140,0.133362,15,24,112,112,0,0,0,0,513.95,1309.69,0,,,,,,reference,custom,4,custom
2025-12-19T16:06:05,flogger.ics.es.osaka-u.ac.jp,Linux-5.14.0-570.39.1.el9_6.x86_64-x86_64-with-glibc2.34,3.11.14,cpu,CPU,statevector,random,15,8,0,0,0.103376,0.021808,0.125183,15,24,112,112,0,0,0,0,514.20,1309.69,0,,,,,,reference,custom,4,custom
2025-12-19T16:06:05,flogger.ics.es.osaka-u.ac.jp,Linux-5.14.0-570.39.1.el9_6.x86_64-x86_64-with-glibc2.34,3.11.14,cpu,CPU,statevector,random,15,8,0,0,0.104673,0.024383,0.129055,15,24,112,112,0,0,0,0,514.20,1309.69,0,,,,,,reference,custom,4,custom
2025-12-19T16:06:06,flogger.ics.es.osaka-u.ac.jp,Linux-5.14.0-570.39.1.el9_6.x86_64-x86_64-with-glibc2.34,3.11.14,gpu,GPU,statevector,random,15,8,0,1,0.105745,0.011378,0.117124,15,24,112,112,0,0,0,0,514.70,1309.69,0,1.000000000000,8.887e-01,,,True,overlap=1.000000000000; l2=8.887e-01; pass=True,custom,4,custom
2025-12-19T16:06:06,flogger.ics.es.osaka-u.ac.jp,Linux-5.14.0-570.39.1.el9_6.x86_64-x86_64-with-glibc2.34,3.11.14,gpu,GPU,statevector,random,15,8,0,2,0.134619,0.005379,0.139998,15,24,112,112,0,0,0,0,514.70,1309.69,0,1.000000000000,8.887e-01,,,True,overlap=1.000000000000; l2=8.887e-01; pass=True,custom,4,custom
2025-12-19T16:06:06,flogger.ics.es.osaka-u.ac.jp,Linux-5.14.0-570.39.1.el9_6.x86_64-x86_64-with-glibc2.34,3.11.14,gpu,GPU,statevector,random,15,8,0,3,0.136166,0.005454,0.141620,15,24,112,112,0,0,0,0,514.70,1309.69,0,1.000000000000,8.887e-01,,,True,overlap=1.000000000000; l2=8.887e-01; pass=True,custom,4,custom
2025-12-19T16:06:06,flogger.ics.es.osaka-u.ac.jp,Linux-5.14.0-570.39.1.el9_6.x86_64-x86_64-with-glibc2.34,3.11.14,gpu,GPU,statevector,random,15,8,0,4,0.136510,0.005297,0.141807,15,24,112,112,0,0,0,0,514.95,1309.69,0,1.000000000000,8.887e-01,,,True,overlap=1.000000000000; l2=8.887e-01; pass=True,custom,4,custom
2025-12-19T16:06:06,flogger.ics.es.osaka-u.ac.jp,Linux-5.14.0-570.39.1.el9_6.x86_64-x86_64-with-glibc2.34,3.11.14,gpu,GPU,statevector,random,15,8,0,5,0.133387,0.005393,0.138779,15,24,112,112,0,0,0,0,514.95,1309.69,0,1.000000000000,8.887e-01,,,True,overlap=1.000000000000; l2=8.887e-01; pass=True,custom,4,custom
2025-12-19T16:06:07,flogger.ics.es.osaka-u.ac.jp,Linux-5.14.0-570.39.1.el9_6.x86_64-x86_64-with-glibc2.34,3.11.14,cpu,CPU,statevector,random,20,8,0,0,0.131886,0.109284,0.241171,20,24,152,152,0,0,0,0,569.79,1309.69,0,,,,,,reference,baseline,4,aer
2025-12-19T16:06:07,flogger.ics.es.osaka-u.ac.jp,Linux-5.14.0-570.39.1.el9_6.x86_64-x86_64-with-glibc2.34,3.11.14,cpu,CPU,statevector,random,20,8,0,0,0.113070,0.095184,0.208254,20,24,152,152,0,0,0,0,605.64,1309.69,0,,,,,,reference,baseline,4,aer
2025-12-19T16:06:07,flogger.ics.es.osaka-u.ac.jp,Linux-5.14.0-570.39.1.el9_6.x86_64-x86_64-with-glibc2.34,3.11.14,cpu,CPU,statevector,random,20,8,0,0,0.112027,0.101700,0.213728,20,24,152,152,0,0,0,0,613.77,1309.69,0,,,,,,reference,baseline,4,aer
2025-12-19T16:06:08,flogger.ics.es.osaka-u.ac.jp,Linux-5.14.0-570.39.1.el9_6.x86_64-x86_64-with-glibc2.34,3.11.14,cpu,CPU,statevector,random,20,8,0,0,0.113556,0.104023,0.217579,20,24,152,152,0,0,0,0,606.18,1309.69,0,,,,,,reference,baseline,4,aer
2025-12-19T16:06:08,flogger.ics.es.osaka-u.ac.jp,Linux-5.14.0-570.39.1.el9_6.x86_64-x86_64-with-glibc2.34,3.11.14,cpu,CPU,statevector,random,20,8,0,0,0.113127,0.093670,0.206798,20,24,152,152,0,0,0,0,614.09,1309.69,0,,,,,,reference,baseline,4,aer
2025-12-19T16:06:09,flogger.ics.es.osaka-u.ac.jp,Linux-5.14.0-570.39.1.el9_6.x86_64-x86_64-with-glibc2.34,3.11.14,gpu,GPU,statevector,random,20,8,0,1,0.112624,0.025638,0.138261,20,24,152,152,0,0,0,0,614.30,1309.69,0,1.000000000000,1.030e-15,,,True,overlap=1.000000000000; l2=1.030e-15; pass=True,baseline,4,aer
2025-12-19T16:06:09,flogger.ics.es.osaka-u.ac.jp,Linux-5.14.0-570.39.1.el9_6.x86_64-x86_64-with-glibc2.34,3.11.14,gpu,GPU,statevector,random,20,8,0,2,0.139034,0.030784,0.169818,20,24,152,152,0,0,0,0,662.22,1309.69,0,1.000000000000,1.030e-15,,,True,overlap=1.000000000000; l2=1.030e-15; pass=True,baseline,4,aer
2025-12-19T16:06:10,flogger.ics.es.osaka-u.ac.jp,Linux-5.14.0-570.39.1.el9_6.x86_64-x86_64-with-glibc2.34,3.11.14,gpu,GPU,statevector,random,20,8,0,3,0.140816,0.031608,0.172424,20,24,152,152,0,0,0,0,678.31,1309.69,0,1.000000000000,1.030e-15,,,True,overlap=1.000000000000; l2=1.030e-15; pass=True,baseline,4,aer
2025-12-19T16:06:11,flogger.ics.es.osaka-u.ac.jp,Linux-5.14.0-570.39.1.el9_6.x86_64-x86_64-with-glibc2.34,3.11.14,gpu,GPU,statevector,random,20,8,0,4,0.139895,0.031599,0.171495,20,24,152,152,0,0,0,0,662.18,1309.69,0,1.000000000000,1.030e-15,,,True,overlap=1.000000000000; l2=1.030e-15; pass=True,baseline,4,aer
2025-12-19T16:06:11,flogger.ics.es.osaka-u.ac.jp,Linux-5.14.0-570.39.1.el9_6.x86_64-x86_64-with-glibc2.34,3.11.14,gpu,GPU,statevector,random,20,8,0,5,0.149269,0.032869,0.182138,20,24,152,152,0,0,0,0,678.32,1309.69,0,1.000000000000,1.030e-15,,,True,overlap=1.000000000000; l2=1.030e-15; pass=True,baseline,4,aer
2025-12-19T16:06:12,flogger.ics.es.osaka-u.ac.jp,Linux-5.14.0-570.39.1.el9_6.x86_64-x86_64-with-glibc2.34,3.11.14,cpu,CPU,statevector,random,20,8,0,0,0.122839,0.131056,0.253895,20,24,152,152,0,0,0,0,566.24,1309.69,0,,,,,,reference,baseline,4,custom
2025-12-19T16:06:13,flogger.ics.es.osaka-u.ac.jp,Linux-5.14.0-570.39.1.el9_6.x86_64-x86_64-with-glibc2.34,3.11.14,cpu,CPU,statevector,random,20,8,0,0,0.112182,0.094533,0.206715,20,24,152,152,0,0,0,0,607.70,1309.69,0,,,,,,reference,baseline,4,custom
2025-12-19T16:06:13,flogger.ics.es.osaka-u.ac.jp,Linux-5.14.0-570.39.1.el9_6.x86_64-x86_64-with-glibc2.34,3.11.14,cpu,CPU,statevector,random,20,8,0,0,0.112857,0.097596,0.210454,20,24,152,152,0,0,0,0,622.82,1309.69,0,,,,,,reference,baseline,4,custom
2025-12-19T16:06:13,flogger.ics.es.osaka-u.ac.jp,Linux-5.14.0-570.39.1.el9_6.x86_64-x86_64-with-glibc2.34,3.11.14,cpu,CPU,statevector,random,20,8,0,0,0.112328,0.095303,0.207630,20,24,152,152,0,0,0,0,607.96,1309.69,0,,,,,,reference,baseline,4,custom
2025-12-19T16:06:14,flogger.ics.es.osaka-u.ac.jp,Linux-5.14.0-570.39.1.el9_6.x86_64-x86_64-with-glibc2.34,3.11.14,cpu,CPU,statevector,random,20,8,0,0,0.112698,0.095218,0.207916,20,24,152,152,0,0,0,0,622.89,1309.69,0,,,,,,reference,baseline,4,custom
2025-12-19T16:06:14,flogger.ics.es.osaka-u.ac.jp,Linux-5.14.0-570.39.1.el9_6.x86_64-x86_64-with-glibc2.34,3.11.14,gpu,GPU,statevector,random,20,8,0,1,0.113008,0.029882,0.142891,20,24,152,152,0,0,0,0,614.73,1309.69,0,1.000000000000,1.030e-15,,,True,overlap=1.000000000000; l2=1.030e-15; pass=True,baseline,4,custom
2025-12-19T16:06:15,flogger.ics.es.osaka-u.ac.jp,Linux-5.14.0-570.39.1.el9_6.x86_64-x86_64-with-glibc2.34,3.11.14,gpu,GPU,statevector,random,20,8,0,2,0.140063,0.029815,0.169877,20,24,152,152,0,0,0,0,654.71,1309.69,4,1.000000000000,1.030e-15,,,True,overlap=1.000000000000; l2=1.030e-15; pass=True,baseline,4,custom
2025-12-19T16:06:16,flogger.ics.es.osaka-u.ac.jp,Linux-5.14.0-570.39.1.el9_6.x86_64-x86_64-with-glibc2.34,3.11.14,gpu,GPU,statevector,random,20,8,0,3,0.140386,0.029566,0.169952,20,24,152,152,0,0,0,0,663.16,1309.69,4,1.000000000000,1.030e-15,,,True,overlap=1.000000000000; l2=1.030e-15; pass=True,baseline,4,custom
2025-12-19T16:06:16,flogger.ics.es.osaka-u.ac.jp,Linux-5.14.0-570.39.1.el9_6.x86_64-x86_64-with-glibc2.34,3.11.14,gpu,GPU,statevector,random,20,8,0,4,0.139872,0.024905,0.164777,20,24,152,152,0,0,0,0,679.02,1309.69,0,1.000000000000,1.030e-15,,,True,overlap=1.000000000000; l2=1.030e-15; pass=True,baseline,4,custom
2025-12-19T16:06:17,flogger.ics.es.osaka-u.ac.jp,Linux-5.14.0-570.39.1.el9_6.x86_64-x86_64-with-glibc2.34,3.11.14,gpu,GPU,statevector,random,20,8,0,5,0.140240,0.026207,0.166446,20,24,152,152,0,0,0,0,679.16,1309.69,0,1.000000000000,1.030e-15,,,True,overlap=1.000000000000; l2=1.030e-15; pass=True,baseline,4,custom
2025-12-19T16:06:18,flogger.ics.es.osaka-u.ac.jp,Linux-5.14.0-570.39.1.el9_6.x86_64-x86_64-with-glibc2.34,3.11.14,cpu,CPU,statevector,random,20,8,0,0,0.131792,0.093564,0.225355,20,24,152,152,0,0,0,0,591.49,1309.69,0,,,,,,reference,custom,4,aer
2025-12-19T16:06:18,flogger.ics.es.osaka-u.ac.jp,Linux-5.14.0-570.39.1.el9_6.x86_64-x86_64-with-glibc2.34,3.11.14,cpu,CPU,statevector,random,20,8,0,0,0.118485,0.091263,0.209748,20,24,152,152,0,0,0,0,623.49,1309.69,0,,,,,,reference,custom,4,aer
2025-12-19T16:06:19,flogger.ics.es.osaka-u.ac.jp,Linux-5.14.0-570.39.1.el9_6.x86_64-x86_64-with-glibc2.34,3.11.14,cpu,CPU,statevector,random,20,8,0,0,0.118619,0.092542,0.211161,20,24,152,152,0,0,0,0,623.61,1309.69,0,,,,,,reference,custom,4,aer
2025-12-19T16:06:19,flogger.ics.es.osaka-u.ac.jp,Linux-5.14.0-570.39.1.el9_6.x86_64-x86_64-with-glibc2.34,3.11.14,cpu,CPU,statevector,random,20,8,0,0,0.072653,0.089337,0.161989,20,24,152,152,0,0,0,0,639.48,1309.69,0,,,,,,reference,custom,4,aer
2025-12-19T16:06:19,flogger.ics.es.osaka-u.ac.jp,Linux-5.14.0-570.39.1.el9_6.x86_64-x86_64-with-glibc2.34,3.11.14,cpu,CPU,statevector,random,20,8,0,0,0.071228,0.094325,0.165553,20,24,152,152,0,0,0,0,639.51,1309.69,0,,,,,,reference,custom,4,aer
2025-12-19T16:06:19,flogger.ics.es.osaka-u.ac.jp,Linux-5.14.0-570.39.1.el9_6.x86_64-x86_64-with-glibc2.34,3.11.14,gpu,GPU,statevector,random,20,8,0,1,0.071117,0.016135,0.087251,20,24,152,152,0,0,0,0,639.61,1309.69,0,1.000000000000,1.030e-15,,,True,overlap=1.000000000000; l2=1.030e-15; pass=True,custom,4,aer
2025-12-19T16:06:20,flogger.ics.es.osaka-u.ac.jp,Linux-5.14.0-570.39.1.el9_6.x86_64-x86_64-with-glibc2.34,3.11.14,gpu,GPU,statevector,random,20,8,0,2,0.130504,0.019490,0.149994,20,24,152,152,0,0,0,0,671.54,1309.69,0,1.000000000000,1.030e-15,,,True,overlap=1.000000000000; l2=1.030e-15; pass=True,custom,4,aer
2025-12-19T16:06:20,flogger.ics.es.osaka-u.ac.jp,Linux-5.14.0-570.39.1.el9_6.x86_64-x86_64-with-glibc2.34,3.11.14,gpu,GPU,statevector,random,20,8,0,3,0.115509,0.022464,0.137973,20,24,152,152,0,0,0,0,671.62,1309.69,0,1.000000000000,1.030e-15,,,True,overlap=1.000000000000; l2=1.030e-15; pass=True,custom,4,aer
2025-12-19T16:06:21,flogger.ics.es.osaka-u.ac.jp,Linux-5.14.0-570.39.1.el9_6.x86_64-x86_64-with-glibc2.34,3.11.14,gpu,GPU,statevector,random,20,8,0,4,0.142579,0.018693,0.161272,20,24,152,152,0,0,0,0,671.49,1309.69,0,1.000000000000,1.030e-15,,,True,overlap=1.000000000000; l2=1.030e-15; pass=True,custom,4,aer
2025-12-19T16:06:22,flogger.ics.es.osaka-u.ac.jp,Linux-5.14.0-570.39.1.el9_6.x86_64-x86_64-with-glibc2.34,3.11.14,gpu,GPU,statevector,random,20,8,0,5,0.142543,0.018748,0.161291,20,24,152,152,0,0,0,0,671.61,1309.69,0,1.000000000000,1.030e-15,,,True,overlap=1.000000000000; l2=1.030e-15; pass=True,custom,4,aer
2025-12-19T16:06:22,flogger.ics.es.osaka-u.ac.jp,Linux-5.14.0-570.39.1.el9_6.x86_64-x86_64-with-glibc2.34,3.11.14,cpu,CPU,statevector,random,20,8,0,0,0.131367,0.091253,0.222620,20,24,152,152,0,0,0,0,591.46,1309.69,0,,,,,,reference,custom,4,custom
2025-12-19T16:06:23,flogger.ics.es.osaka-u.ac.jp,Linux-5.14.0-570.39.1.el9_6.x86_64-x86_64-with-glibc2.34,3.11.14,cpu,CPU,statevector,random,20,8,0,0,0.121488,0.086598,0.208086,20,24,152,152,0,0,0,0,623.71,1309.69,0,,,,,,reference,custom,4,custom
2025-12-19T16:06:23,flogger.ics.es.osaka-u.ac.jp,Linux-5.14.0-570.39.1.el9_6.x86_64-x86_64-with-glibc2.34,3.11.14,cpu,CPU,statevector,random,20,8,0,0,0.129447,0.070659,0.200106,20,24,152,152,0,0,0,0,623.75,1309.69,0,,,,,,reference,custom,4,custom
2025-12-19T16:06:23,flogger.ics.es.osaka-u.ac.jp,Linux-5.14.0-570.39.1.el9_6.x86_64-x86_64-with-glibc2.34,3.11.14,cpu,CPU,statevector,random,20,8,0,0,0.071659,0.069454,0.141112,20,24,152,152,0,0,0,0,639.46,1309.69,0,,,,,,reference,custom,4,custom
2025-12-19T16:06:24,flogger.ics.es.osaka-u.ac.jp,Linux-5.14.0-570.39.1.el9_6.x86_64-x86_64-with-glibc2.34,3.11.14,cpu,CPU,statevector,random,20,8,0,0,0.071099,0.069252,0.140351,20,24,152,152,0,0,0,0,639.45,1309.69,0,,,,,,reference,custom,4,custom
2025-12-19T16:06:24,flogger.ics.es.osaka-u.ac.jp,Linux-5.14.0-570.39.1.el9_6.x86_64-x86_64-with-glibc2.34,3.11.14,gpu,GPU,statevector,random,20,8,0,1,0.070566,0.012281,0.082848,20,24,152,152,0,0,0,0,639.57,1309.69,0,1.000000000000,9.317e-01,,,True,overlap=1.000000000000; l2=9.317e-01; pass=True,custom,4,custom
2025-12-19T16:06:24,flogger.ics.es.osaka-u.ac.jp,Linux-5.14.0-570.39.1.el9_6.x86_64-x86_64-with-glibc2.34,3.11.14,gpu,GPU,statevector,random,20,8,0,2,0.114465,0.014726,0.129190,20,24,152,152,0,0,0,0,655.73,1309.69,0,1.000000000000,9.317e-01,,,True,overlap=1.000000000000; l2=9.317e-01; pass=True,custom,4,custom
2025-12-19T16:06:25,flogger.ics.es.osaka-u.ac.jp,Linux-5.14.0-570.39.1.el9_6.x86_64-x86_64-with-glibc2.34,3.11.14,gpu,GPU,statevector,random,20,8,0,3,0.116739,0.014646,0.131385,20,24,152,152,0,0,0,0,655.84,1309.69,0,1.000000000000,9.317e-01,,,True,overlap=1.000000000000; l2=9.317e-01; pass=True,custom,4,custom
2025-12-19T16:06:25,flogger.ics.es.osaka-u.ac.jp,Linux-5.14.0-570.39.1.el9_6.x86_64-x86_64-with-glibc2.34,3.11.14,gpu,GPU,statevector,random,20,8,0,4,0.130878,0.012623,0.143501,20,24,152,152,0,0,0,0,655.71,1309.69,0,1.000000000000,9.317e-01,,,True,overlap=1.000000000000; l2=9.317e-01; pass=True,custom,4,custom
2025-12-19T16:06:26,flogger.ics.es.osaka-u.ac.jp,Linux-5.14.0-570.39.1.el9_6.x86_64-x86_64-with-glibc2.34,3.11.14,gpu,GPU,statevector,random,20,8,0,5,0.115393,0.014809,0.130202,20,24,152,152,0,0,0,0,655.85,1309.69,0,1.000000000000,9.317e-01,,,True,overlap=1.000000000000; l2=9.317e-01; pass=True,custom,4,custom
2025-12-19T16:06:32,flogger.ics.es.osaka-u.ac.jp,Linux-5.14.0-570.39.1.el9_6.x86_64-x86_64-with-glibc2.34,3.11.14,cpu,CPU,statevector,random,25,8,0,0,0.101614,2.709204,2.810818,25,24,192,192,0,0,0,0,2357.18,1309.69,0,,,,,,reference,baseline,4,aer
2025-12-19T16:06:39,flogger.ics.es.osaka-u.ac.jp,Linux-5.14.0-570.39.1.el9_6.x86_64-x86_64-with-glibc2.34,3.11.14,cpu,CPU,statevector,random,25,8,0,0,0.258254,2.718704,2.976958,25,24,192,192,0,0,0,0,3643.20,1309.69,0,,,,,,reference,baseline,4,aer
2025-12-19T16:06:45,flogger.ics.es.osaka-u.ac.jp,Linux-5.14.0-570.39.1.el9_6.x86_64-x86_64-with-glibc2.34,3.11.14,cpu,CPU,statevector,random,25,8,0,0,0.258090,2.713485,2.971575,25,24,192,192,0,0,0,0,3644.21,1309.69,0,,,,,,reference,baseline,4,aer
2025-12-19T16:06:51,flogger.ics.es.osaka-u.ac.jp,Linux-5.14.0-570.39.1.el9_6.x86_64-x86_64-with-glibc2.34,3.11.14,cpu,CPU,statevector,random,25,8,0,0,0.258200,2.693393,2.951593,25,24,192,192,0,0,0,0,3644.21,1309.69,0,,,,,,reference,baseline,4,aer
2025-12-19T16:06:58,flogger.ics.es.osaka-u.ac.jp,Linux-5.14.0-570.39.1.el9_6.x86_64-x86_64-with-glibc2.34,3.11.14,cpu,CPU,statevector,random,25,8,0,0,0.258024,2.686186,2.944210,25,24,192,192,0,0,0,0,3643.21,1309.69,0,,,,,,reference,baseline,4,aer
2025-12-19T16:07:02,flogger.ics.es.osaka-u.ac.jp,Linux-5.14.0-570.39.1.el9_6.x86_64-x86_64-with-glibc2.34,3.11.14,gpu,GPU,statevector,random,25,8,0,1,0.284370,0.396558,0.680929,25,24,192,192,0,0,0,0,3642.09,1309.69,0,1.000000000000,1.166e-15,,,True,overlap=1.000000000000; l2=1.166e-15; pass=True,baseline,4,aer
2025-12-19T16:07:11,flogger.ics.es.osaka-u.ac.jp,Linux-5.14.0-570.39.1.el9_6.x86_64-x86_64-with-glibc2.34,3.11.14,gpu,GPU,statevector,random,25,8,0,2,0.301246,0.370697,0.671943,25,24,192,192,0,0,0,0,4926.93,1309.69,0,1.000000000000,1.166e-15,,,True,overlap=1.000000000000; l2=1.166e-15; pass=True,baseline,4,aer
2025-12-19T16:07:20,flogger.ics.es.osaka-u.ac.jp,Linux-5.14.0-570.39.1.el9_6.x86_64-x86_64-with-glibc2.34,3.11.14,gpu,GPU,statevector,random,25,8,0,3,0.300967,0.374488,0.675455,25,24,192,192,0,0,0,0,4927.82,1309.69,0,1.000000000000,1.166e-15,,,True,overlap=1.000000000000; l2=1.166e-15; pass=True,baseline,4,aer
2025-12-19T16:07:30,flogger.ics.es.osaka-u.ac.jp,Linux-5.14.0-570.39.1.el9_6.x86_64-x86_64-with-glibc2.34,3.11.14,gpu,GPU,statevector,random,25,8,0,4,0.301746,0.377780,0.679526,25,24,192,192,0,0,0,0,4928.99,1309.69,0,1.000000000000,1.166e-15,,,True,overlap=1.000000000000; l2=1.166e-15; pass=True,baseline,4,aer
2025-12-19T16:07:40,flogger.ics.es.osaka-u.ac.jp,Linux-5.14.0-570.39.1.el9_6.x86_64-x86_64-with-glibc2.34,3.11.14,gpu,GPU,statevector,random,25,8,0,5,0.499761,0.376929,0.876690,25,24,192,192,0,0,0,0,4927.90,1309.69,0,1.000000000000,1.166e-15,,,True,overlap=1.000000000000; l2=1.166e-15; pass=True,baseline,4,aer
2025-12-19T16:07:52,flogger.ics.es.osaka-u.ac.jp,Linux-5.14.0-570.39.1.el9_6.x86_64-x86_64-with-glibc2.34,3.11.14,cpu,CPU,statevector,random,25,8,0,0,0.062230,2.976687,3.038917,25,24,192,192,0,0,0,0,2358.02,1309.69,0,,,,,,reference,baseline,4,custom
2025-12-19T16:07:58,flogger.ics.es.osaka-u.ac.jp,Linux-5.14.0-570.39.1.el9_6.x86_64-x86_64-with-glibc2.34,3.11.14,cpu,CPU,statevector,random,25,8,0,0,0.257969,2.688710,2.946678,25,24,192,192,0,0,0,0,3644.25,1309.69,0,,,,,,reference,baseline,4,custom
2025-12-19T16:08:04,flogger.ics.es.osaka-u.ac.jp,Linux-5.14.0-570.39.1.el9_6.x86_64-x86_64-with-glibc2.34,3.11.14,cpu,CPU,statevector,random,25,8,0,0,0.257960,2.711095,2.969055,25,24,192,192,0,0,0,0,3643.24,1309.69,0,,,,,,reference,baseline,4,custom
2025-12-19T16:08:11,flogger.ics.es.osaka-u.ac.jp,Linux-5.14.0-570.39.1.el9_6.x86_64-x86_64-with-glibc2.34,3.11.14,cpu,CPU,statevector,random,25,8,0,0,0.263043,2.712719,2.975762,25,24,192,192,0,0,0,0,3642.05,1309.69,0,,,,,,reference,baseline,4,custom
2025-12-19T16:08:17,flogger.ics.es.osaka-u.ac.jp,Linux-5.14.0-570.39.1.el9_6.x86_64-x86_64-with-glibc2.34,3.11.14,cpu,CPU,statevector,random,25,8,0,0,0.257590,2.712836,2.970427,25,24,192,192,0,0,0,0,3643.18,1309.69,0,,,,,,reference,baseline,4,custom
2025-12-19T16:08:21,flogger.ics.es.osaka-u.ac.jp,Linux-5.14.0-570.39.1.el9_6.x86_64-x86_64-with-glibc2.34,3.11.14,gpu,GPU,statevector,random,25,8,0,1,0.257429,0.382947,0.640375,25,24,192,192,0,0,0,0,3643.10,1309.69,0,1.000000000000,1.166e-15,,,True,overlap=1.000000000000; l2=1.166e-15; pass=True,baseline,4,custom
2025-12-19T16:08:30,flogger.ics.es.osaka-u.ac.jp,Linux-5.14.0-570.39.1.el9_6.x86_64-x86_64-with-glibc2.34,3.11.14,gpu,GPU,statevector,random,25,8,0,2,0.300319,0.366922,0.667241,25,24,192,192,0,0,0,0,4927.93,1309.69,0,1.000000000000,1.166e-15,,,True,overlap=1.000000000000; l2=1.166e-15; pass=True,baseline,4,custom
2025-12-19T16:08:40,flogger.ics.es.osaka-u.ac.jp,Linux-5.14.0-570.39.1.el9_6.x86_64-x86_64-with-glibc2.34,3.11.14,gpu,GPU,statevector,random,25,8,0,3,0.299686,0.366694,0.666380,25,24,192,192,0,0,0,0,4928.71,1309.69,0,1.000000000000,1.166e-15,,,True,overlap=1.000000000000; l2=1.166e-15; pass=True,baseline,4,custom
2025-12-19T16:08:49,flogger.ics.es.osaka-u.ac.jp,Linux-5.14.0-570.39.1.el9_6.x86_64-x86_64-with-glibc2.34,3.11.14,gpu,GPU,statevector,random,25,8,0,4,0.300838,0.366791,0.667629,25,24,192,192,0,0,0,0,4928.40,1309.69,0,1.000000000000,1.166e-15,,,True,overlap=1.000000000000; l2=1.166e-15; pass=True,baseline,4,custom
2025-12-19T16:08:58,flogger.ics.es.osaka-u.ac.jp,Linux-5.14.0-570.39.1.el9_6.x86_64-x86_64-with-glibc2.34,3.11.14,gpu,GPU,statevector,random,25,8,0,5,0.300822,0.367038,0.667860,25,24,192,192,0,0,0,0,4927.43,1309.69,0,1.000000000000,1.166e-15,,,True,overlap=1.000000000000; l2=1.166e-15; pass=True,baseline,4,custom
2025-12-19T16:09:10,flogger.ics.es.osaka-u.ac.jp,Linux-5.14.0-570.39.1.el9_6.x86_64-x86_64-with-glibc2.34,3.11.14,cpu,CPU,statevector,random,25,8,0,0,0.067559,2.707330,2.774888,25,24,192,192,0,0,0,0,2358.47,1309.69,0,,,,,,reference,custom,4,aer
2025-12-19T16:09:17,flogger.ics.es.osaka-u.ac.jp,Linux-5.14.0-570.39.1.el9_6.x86_64-x86_64-with-glibc2.34,3.11.14,cpu,CPU,statevector,random,25,8,0,0,0.285453,2.689258,2.974711,25,24,192,192,0,0,0,0,3644.46,1309.69,0,,,,,,reference,custom,4,aer
2025-12-19T16:09:23,flogger.ics.es.osaka-u.ac.jp,Linux-5.14.0-570.39.1.el9_6.x86_64-x86_64-with-glibc2.34,3.11.14,cpu,CPU,statevector,random,25,8,0,0,0.265282,2.686754,2.952036,25,24,192,192,0,0,0,0,3643.46,1309.69,0,,,,,,reference,custom,4,aer
2025-12-19T16:09:30,flogger.ics.es.osaka-u.ac.jp,Linux-5.14.0-570.39.1.el9_6.x86_64-x86_64-with-glibc2.34,3.11.14,cpu,CPU,statevector,random,25,8,0,0,0.263171,2.710304,2.973475,25,24,192,192,0,0,0,0,3643.47,1309.69,0,,,,,,reference,custom,4,aer
2025-12-19T16:09:36,flogger.ics.es.osaka-u.ac.jp,Linux-5.14.0-570.39.1.el9_6.x86_64-x86_64-with-glibc2.34,3.11.14,cpu,CPU,statevector,random,25,8,0,0,0.266468,2.700734,2.967202,25,24,192,192,0,0,0,0,3644.49,1309.69,0,,,,,,reference,custom,4,aer
2025-12-19T16:09:40,flogger.ics.es.osaka-u.ac.jp,Linux-5.14.0-570.39.1.el9_6.x86_64-x86_64-with-glibc2.34,3.11.14,gpu,GPU,statevector,random,25,8,0,1,0.268187,0.392177,0.660364,25,24,192,192,0,0,0,0,3643.32,1309.69,0,1.000000000000,1.166e-15,,,True,overlap=1.000000000000; l2=1.166e-15; pass=True,custom,4,aer
2025-12-19T16:09:50,flogger.ics.es.osaka-u.ac.jp,Linux-5.14.0-570.39.1.el9_6.x86_64-x86_64-with-glibc2.34,3.11.14,gpu,GPU,statevector,random,25,8,0,2,0.704087,0.384204,1.088291,25,24,192,192,0,0,0,0,4928.15,1309.69,0,1.000000000000,1.166e-15,,,True,overlap=1.000000000000; l2=1.166e-15; pass=True,custom,4,aer
2025-12-19T16:09:59,flogger.ics.es.osaka-u.ac.jp,Linux-5.14.0-570.39.1.el9_6.x86_64-x86_64-with-glibc2.34,3.11.14,gpu,GPU,statevector,random,25,8,0,3,0.307872,0.375377,0.683250,25,24,192,192,0,0,0,0,4928.89,1309.69,0,1.000000000000,1.166e-15,,,True,overlap=1.000000000000; l2=1.166e-15; pass=True,custom,4,aer
2025-12-19T16:10:09,flogger.ics.es.osaka-u.ac.jp,Linux-5.14.0-570.39.1.el9_6.x86_64-x86_64-with-glibc2.34,3.11.14,gpu,GPU,statevector,random,25,8,0,4,0.306856,0.380007,0.686863,25,24,192,192,0,0,0,0,4929.59,1309.69,0,1.000000000000,1.166e-15,,,True,overlap=1.000000000000; l2=1.166e-15; pass=True,custom,4,aer
2025-12-19T16:10:18,flogger.ics.es.osaka-u.ac.jp,Linux-5.14.0-570.39.1.el9_6.x86_64-x86_64-with-glibc2.34,3.11.14,gpu,GPU,statevector,random,25,8,0,5,0.305896,0.381670,0.687566,25,24,192,192,0,0,0,0,4928.61,1309.69,0,1.000000000000,1.166e-15,,,True,overlap=1.000000000000; l2=1.166e-15; pass=True,custom,4,aer
2025-12-19T16:10:30,flogger.ics.es.osaka-u.ac.jp,Linux-5.14.0-570.39.1.el9_6.x86_64-x86_64-with-glibc2.34,3.11.14,cpu,CPU,statevector,random,25,8,0,0,0.066499,2.708435,2.774934,25,24,192,192,0,0,0,0,2357.49,1309.69,0,,,,,,reference,custom,4,custom
2025-12-19T16:10:36,flogger.ics.es.osaka-u.ac.jp,Linux-5.14.0-570.39.1.el9_6.x86_64-x86_64-with-glibc2.34,3.11.14,cpu,CPU,statevector,random,25,8,0,0,0.266593,2.708069,2.974662,25,24,192,192,0,0,0,0,3642.48,1309.69,0,,,,,,reference,custom,4,custom
2025-12-19T16:10:43,flogger.ics.es.osaka-u.ac.jp,Linux-5.14.0-570.39.1.el9_6.x86_64-x86_64-with-glibc2.34,3.11.14,cpu,CPU,statevector,random,25,8,0,0,0.462460,2.716336,3.178796,25,24,192,192,0,0,0,0,3643.51,1309.69,0,,,,,,reference,custom,4,custom
2025-12-19T16:10:49,flogger.ics.es.osaka-u.ac.jp,Linux-5.14.0-570.39.1.el9_6.x86_64-x86_64-with-glibc2.34,3.11.14,cpu,CPU,statevector,random,25,8,0,0,0.264440,2.688653,2.953093,25,24,192,192,0,0,0,0,3643.50,1309.69,0,,,,,,reference,custom,4,custom
2025-12-19T16:10:56,flogger.ics.es.osaka-u.ac.jp,Linux-5.14.0-570.39.1.el9_6.x86_64-x86_64-with-glibc2.34,3.11.14,cpu,CPU,statevector,random,25,8,0,0,0.265025,2.748154,3.013179,25,24,192,192,0,0,0,0,3642.50,1309.69,0,,,,,,reference,custom,4,custom
2025-12-19T16:10:59,flogger.ics.es.osaka-u.ac.jp,Linux-5.14.0-570.39.1.el9_6.x86_64-x86_64-with-glibc2.34,3.11.14,gpu,GPU,statevector,random,25,8,0,1,0.292023,0.455468,0.747491,25,24,192,192,0,0,0,0,3643.51,1309.69,0,1.000000000000,1.177e+00,,,True,overlap=1.000000000000; l2=1.177e+00; pass=True,custom,4,custom
2025-12-19T16:11:09,flogger.ics.es.osaka-u.ac.jp,Linux-5.14.0-570.39.1.el9_6.x86_64-x86_64-with-glibc2.34,3.11.14,gpu,GPU,statevector,random,25,8,0,2,0.306959,0.435721,0.742680,25,24,192,192,0,0,0,0,4929.05,1309.69,0,1.000000000000,1.177e+00,,,True,overlap=1.000000000000; l2=1.177e+00; pass=True,custom,4,custom
2025-12-19T16:11:18,flogger.ics.es.osaka-u.ac.jp,Linux-5.14.0-570.39.1.el9_6.x86_64-x86_64-with-glibc2.34,3.11.14,gpu,GPU,statevector,random,25,8,0,3,0.305925,0.435851,0.741777,25,24,192,192,0,0,0,0,4928.10,1309.69,0,1.000000000000,1.177e+00,,,True,overlap=1.000000000000; l2=1.177e+00; pass=True,custom,4,custom
2025-12-19T16:11:28,flogger.ics.es.osaka-u.ac.jp,Linux-5.14.0-570.39.1.el9_6.x86_64-x86_64-with-glibc2.34,3.11.14,gpu,GPU,statevector,random,25,8,0,4,0.706408,0.436105,1.142513,25,24,192,192,0,0,0,0,4927.20,1309.69,0,1.000000000000,1.177e+00,,,True,overlap=1.000000000000; l2=1.177e+00; pass=True,custom,4,custom
2025-12-19T16:11:38,flogger.ics.es.osaka-u.ac.jp,Linux-5.14.0-570.39.1.el9_6.x86_64-x86_64-with-glibc2.34,3.11.14,gpu,GPU,statevector,random,25,8,0,5,0.307413,0.435908,0.743320,25,24,192,192,0,0,0,0,4928.22,1309.69,0,1.000000000000,1.177e+00,,,True,overlap=1.000000000000; l2=1.177e+00; pass=True,custom,4,custom
